﻿<?xml version="1.0" encoding="utf-8" ?>
<!-- 早餐菜单 -->
<breakfast_menu> 
  <food>
    <name>豆浆</name>
    <price>¥2.0</price>
    <description>营养丰富,能量较低</description>
    <calories>40</calories>
  </food>
  <food>
    <name>油条</name>
    <price>¥3.0</price>
    <description>非常好吃,油脂较多</description>
    <calories>300</calories>
  </food>
  <food>
    <name>杂粮馒头</name>
    <price>¥1.0</price>
    <description>味道好,极力推荐</description>
    <calories>140</calories>
  </food>
</breakfast_menu>